{"cameraMode":{"drawMode":0,"name":"Shaded","section":"Shading Mode"},"sceneLighting":false,"audioPlay":false,"sceneViewState":{"showFog":true,"showMaterialUpdate":false,"showSkybox":false,"showFlares":true,"showImageEffects":true,"showParticleSystems":true},"in2DMode":false,"pivot":{"x":169.80650329589845,"y":207.84996032714845,"z":85.87577056884766},"rotation":{"x":-0.1946840137243271,"y":-0.4189811646938324,"z":0.09320037811994553,"w":-0.8822054862976074},"size":944.6650390625,"orthographic":false}