{"cameraMode":{"drawMode":0,"name":"Shaded","section":"Shading Mode"},"sceneLighting":true,"audioPlay":false,"sceneViewState":{"showFog":true,"showMaterialUpdate":false,"showSkybox":true,"showFlares":true,"showImageEffects":true,"showParticleSystems":true},"in2DMode":false,"pivot":{"x":-0.5414685010910034,"y":15.472890853881836,"z":-11.118363380432129},"rotation":{"x":-0.48222461342811587,"y":-0.030257411301136018,"z":0.0173671692609787,"w":-0.875644862651825},"size":1.4315083026885987,"orthographic":false}